{
  "customers": [
    {
      "id": "1",
      "name": "John Doe",
      "email": "john@gmail.com",
      "age": 36
    },
    {
      "id": "2",
      "name": "Keith Wilson",
      "email": "kieth@gmail.com",
      "age": 50
    },
    {
      "id": "3",
      "name": "Tom Jones",
      "email": "tom@gmail.com",
      "age": 23
    },
    {
      "id": "5",
      "name": "Jen Thompson",
      "email": "jen@gmail.com",
      "age": 22
    },
    {
      "name": "Harry White",
      "email": "harry@gmail.com",
      "age": 34,
      "id": "rytP7hhUW"
    }
  ]
}